title,description
Poodle Training Costs 2026,"Poodle training costs depend mainly on location, the dog＊s age, and the type of training program chosen. Professional training is a common step both for new puppies and for adult poodles working on advanced obedience. Costs vary significantly across the US 〞 from around $50 per session in rural areas to over $150 per session in major cities 〞 so it is worth comparing local quotes before committing to a trainer.
Training improves a poodle＊s behavior and strengthens the owner-dog relationship. The cost varies widely. Whether you＊re welcoming a playful puppy or polishing an adult poodle＊s manners, training costs vary based on location, age, and training type. Obedience, trick, and socialization classes are each priced differently."
Average Poodle Training Costs,"Costs depend on your region and the trainer＊s expertise. Here＊s a breakdown for group obedience classes in the US:
Poodle Age | Avg. Cost (USD)
Puppy (<1 year) | $600每$900
Adolescent (1每2 years) | $400每$650
Adult (2+ years) | $300每$500
Note: Private sessions or specialized programs (e.g., behavioral issues) may cost more."
Why Train Your Poodle?,"Poodles are highly intelligent, ranking among the top dog breeds for smarts. Without proper training, their cleverness can lead to boredom and mischief. Benefits include:
- Improved behavior at home and in public
- Stronger owner-dog connection
- Easier vet and grooming appointments
- Reduced anxiety and excessive barking"
Types of Poodle Training and Costs,"Here are common training options and their estimated costs:
Training Type | Description | Estimated Cost (USD)
Obedience Training | Commands like sit, stay, come, and leash skills | $150每$800
Trick Training | Fun skills like spin, fetch, or high-five | $100每$300
Socialization Classes | Puppy playgroups and confidence-building | $200每$600
Advanced Behavioral Training | Addressing aggression, fear, or anxiety | $300每$1,000+"
When to Start Training?,"Start as early as 8 weeks for puppies. Poodles respond well to positive reinforcement at any age, but early training builds lifelong habits. Adolescents and adults can still learn, though established behaviors may need more effort."
Can You Train Your Poodle Yourself?,"Yes! Many owners successfully train at home using YouTube tutorials, books, or clicker tools ($0每$50 for supplies). Combine DIY with professional group classes or online programs for optimal results. Professional training is ideal for specific issues or if you＊re short on time."
Poodle Training Costs | How much does puppy training cost?,"In the US, basic obedience classes for puppies range from $600每$900, depending on region and class size."
Poodle Training Costs | Is poodle training expensive?,"Not always. Group classes are budget-friendly, and poodles＊ quick learning often means fewer sessions."
"Poodle Training Costs | Do toy, miniature, and standard poodles have different training costs?","Costs are similar across sizes, though higher-energy standard poodles may need extra socialization."
Poodle Training Costs | Is training necessary for a friendly poodle?,"Yes, training provides structure, prevents future issues, and improves communication."
Poodle Training Costs | Are online training programs effective for poodles?,"Absolutely. Poodles thrive with reward-based online courses, which offer mental stimulation ($50每$200)."
