review_id,reviewer,rating,rating_text,title,body,country,date,date_text
R1KEX51WJPYR4T,Sheryl Fenton,5,5 out of 5 stars,Best Grooming Kit I’ve Used,"This grooming kit is amazing!  My little Yorkie is very laid back, but using my old pet or human clippers took so long I typically had to give him 3-4 breaks from standing the one and a half to two hours needed to groom him.  These clippers rarely required a second pass, where the old ones (made by a major manufacturer) required multiple passes.  The paw and pad clipper is awesome, and allowed a quicker, more even trimming of his feet.  The charge lasted well, with power left had I needed it.  I shaved 45 minutes off my usual grooming time (no pun intended), with only one break needed to allow Frankie to rest.  Even in his multiple swirling (cowlicks) areas the clippers consistently trimmed the uneven patterns quickly and very smoothly.  I definitely recommend the product to anyone wanting a good grooming kit. Read more Read less",United States,"June 2, 2026","Reviewed in the United States on June 2, 2026"
R3F9JLYHOFXXFB,Janna Walters,5,5 out of 5 stars,BUY THIS SET! YOU WON'T BE DISAPPOINTED!!,"I ordered this set last night and had them shipped overnight. It was actually delivered in under 24 hours! I was pleasantly surprised by the quality of the entire kit! I've bought several different clipper sets in the past 6 years and this beats anything I've had or used. My little fur- babies include 2 Shizhus and 3 Shizhu/ Chihuahua mix. They usually each have a VERY loud drama-filled melt-down during their grooming, but NOT TODAY!😊 The clipper itself was very quiet and that went a long way to ease their fear! It has different length fine-tuned settings built-in.  It also included a fully charged battery and six different combs to choose the length of the cut I wanted. I chose a close cut that we call our ""Spring/Summer cut"". The clipper was powerful, easy to use, and cut through their long/thick hair like a hot knife thru butter!! It usually takes at least an hour each to trim Loretta and Bubby (the Shizhus) and around 45 minutes each for Max, Bailey, and Lady Bug (the Shizhu/Chihuahua mixes.) With these clippers I finished them all in just under 3 hours and the clippers still have 50% charge! The ceramic blades NEVER even got hot!! The ONLY issue I had was with the Paw Trimmers. They didn't work as well for me as the clippers. There were two interchangeable heads in the kit for the Paw Trimmers and there was what I call another ""gear"" (speed) I could use but even that just didn't seem to have the same power and ease to cut their paws. I ended up using the clippers and the EXTREMELY NICE scissors that came with set! Afterwards, I was able to (with the instruction card) easily take off the blade, clean, and oil it in the recommended areas and replace the blade before putting it on charge.  I WILL DEFINITELY BE GIVING A FIVE STAR REVIEW!!! If you're out there.... with one or more fur babies, you can't afford to have a personal groomer to trim them, and if you're like me and honestly have come to dread even the thought of putting your fur babies through another grooming session where they are terrorized by the loud rattling noise of the clipper that ends up pulling their hair and getting hot before you finish one pup, BUY THIS SET!!! YOU WILL NOT BE DISAPPOINTED!!! THANKS SO MUCH ONEISALL! I FINALLY FOUND A NAME-BRAND PRODUCT I CAN TRUST! Read more Read less",United States,"March 13, 2026","Reviewed in the United States on March 13, 2026"
RVZMGX61DHFQK,Melanie H.,5,5 out of 5 stars,Highly recommend!,This set was better than I expected! The clippers & trimmers all worked amazing and the charge life was extremely long. I didn't run out of power at all and I had it going for 2ish hours. The noise level is low and my dog didn't mind getting even his paw pads trimmed! The tools are well-made and comfortable in my hands to use. Read more Read less,United States,"July 14, 2026","Reviewed in the United States on July 14, 2026"
R5UW3FAIGDE2C,Kathleen Ames,4,4 out of 5 stars,Easy to use,"I was intimidated at first since this was my first experience grooming my new puppy. However, I caught on quickly. The one clipper I always use is very hard to remove, so I've had to clean the best I can. I'll need help when changing the blade. The small trimmers are effective when using around the face, since my little girl will not tolerate scissors. Low noise helps with calming.  My advice is to be brave. You can do this. Read more Read less",United States,"March 22, 2026","Reviewed in the United States on March 22, 2026"
RI8LB17UUOYFL,RTEX,5,5 out of 5 stars,Easy To Use for The First Time Cutting My Dogs Hair,"After 15 years of taking our Maltipoo to the groomers, they told me that they did not want to cut our dogs hair anymore since he is now blind and becomes scared so easily. So, I needed to try to cut his hair on my own. Shame on them! I did a lot of reading and watching videos, and decided to give these clippers a go, and am so happy that I did. The first time I cut my dogs hair was the day after I received these clippers. I took my time, starting down the back, cutting just a small amount off at a time, starting with the large guards to get the feel of them and working my way down to the sized guard that was cutting the length that looked good for my dog. You can always cut a little more off, but you cannot add it back on. This oneisall Dog Clippers and Dog Paw Trimmer Kit, together with the information about them on this web page, had everything that I needed to obtain a pretty good cut for my first time. Even though I was going slow while learning, taking 2 to 3 hours of time, the clippers showed that the battery still had over 80 percent charge left when I was done. Just be sure to fully charge up the clippers and trimmer before using. At first, I was scared to try cutting my dogs hair myself, but I was also scared to cut my own hair. I have been doing that now for the last 2 years, so it was not hard for me to get the feel of these clippers fairly quick, as there is really not any difference in how the clippers work. The clippers have such a low noise level, that my dog was not bothered at all with the sound. The overall cutting of the body hair was actually pretty easy to do. The trimmers are going to take a little longer for me and the dog to get used to, as most dogs do not take too kindly with handling their paws very much, and it takes a bit of patience while learning to be very careful when trimming around the face, eyes, ears, genitals, and such using the trimmers and scissors, while learning how to keep the dog still for at least a few moments of time. Sometimes you need to just stop and take a break for yourself and the dog. There is really no reason to be in a hurry. The scissors and comb are great. You need to be sure to first give the dog a bath and be dried off, then get any knots out before using the clippers. The comb helped a lot with getting knots out, using it lightly and slowly from the top of the knot on down, until it is removed, and you can comb though it with no resistance. If necessary, cut it out. Once you can comb through all of the hair easily without running into any knots, then you are ready to start cutting and saving money with no more groomers. Be sure to keep the clippers and trimmers clean and well oiled, and you will want to buy some more clipper oil because these should last a long time. I can’t think of how this kit could be any better, other than maybe a pair of curved scissors. Read more Read less",United States,"February 29, 2024","Reviewed in the United States on February 29, 2024"
R3MT5U1G424M64,Ray w.,5,5 out of 5 stars,Works great a good buy for the price,Very good set of clippers have used them now numerous times like them Read more Read less,United States,"July 27, 2026","Reviewed in the United States on July 27, 2026"
R24DCONJXFHS5I,AmazonPrimeMemberCa,5,5 out of 5 stars,Great clippers,"Perfect I’m a first time groomer of my pet Toy Poodle.  Clippers are not noisy so it made it easier to trim my dog.  This kit has everything small and larger trim both with charger cords.  The wireless chargers are perfect to move freely. Guards, scissors, metal comb, and instructions!  Highly recommend! Read more Read less",United States,"May 24, 2026","Reviewed in the United States on May 24, 2026"
RG3CAWQRA71AI,Barrie,5,5 out of 5 stars,Fantastic for my goldendoodle!,"I have and 85lb golden doodle who will sit nice for a cut but have struggled to find a good pair of clippers that gently go through his hair and are cost effective. This kit is fantastic! It took so much less time bc of how efficient the clippers are. It comes with clippers and multiple attachments, smaller clippers for eyes and paws, scissors, metal comb and oil. It is amazing and I would recommend to anyone looking to groom at home! Read more Read less",United States,"March 17, 2026","Reviewed in the United States on March 17, 2026"
R12DWPNWHWSHII,Micio Mau,5,5 out of 5 stars,Professionali al massimo,Perfetto il prodotto e per di pigiando ho chiesto un ricambio per la lama che non tagliava piume ne hanno spedita una nuova gratuitamente. Top Read more Read less,Italy,"July 26, 2026","Reviewed in Italy on July 26, 2026"
R1C53RQT02KXPI,kartoffelpuffer,5,5 out of 5 stars,gute Qualität,und sehr scharf. Mich überrascht der Umfang und vor allem die lebenslange Garantie auf die Geräte. Read more Read less,Germany,"July 22, 2023","Reviewed in Germany on July 22, 2023"
R1NIC0X9DHKJ90,Amazon Customer,5,5 out of 5 stars,Just fab,"This is my 3rd set of dog clippers. All reviews were real. These are by far the best I have bought. I love the paw pad clipper as makes this task so much easier, quicker & complete. Fully recommend. Read more Read less",Australia,"December 18, 2023","Reviewed in Australia on December 18, 2023"
R1QY0LHQRXG2SE,AS,5,5 out of 5 stars,Good  quality & value. Easy to charge and use,"Really good grooming kit. Easy to use clippers , it has different speeds and good battery life can do all my dogs groom without having to recharge in between My dog is a cockapoo with curly thick fur and the clippers go through his fur no problem. The little clippers are perfect to get fur trimmed around his pads and around his toes My sister recently purchased a set too Read more Read less",United Kingdom,"January 18, 2026","Reviewed in the United Kingdom on January 18, 2026"
R25WTQQT77Y3BG,Bea,5,5 out of 5 stars,Absolut empfehlenswert. Leise und präzise. Top.,Was für eine tolle Maschine. Wirklich leise und einfach in der Handhabung. Auch die beiden kleinen Teile für die Pfoten funktionieren super. Bin begeistert und mein Hund auch; er hat ganz still gehalten. Read more Read less,Germany,"June 29, 2026","Reviewed in Germany on June 29, 2026"
