rank,title_cn,title_en,aka,rating,rating_count,quote,director,actors,year,country,genre,detail_url
1,肖申克的救赎,The Shawshank Redemption,月黑高飞(港)  /  刺激1995(台),9.7,3308248,希望让人自由。,弗兰克·德拉邦特 Frank Darabont,蒂姆·罗宾斯 Tim Robbins /...,1994,美国,犯罪 剧情,https://movie.douban.com/subject/1292052/
2,霸王别姬,,再见，我的妾  /  Farewell My Concubine,9.6,2440840,风华绝代。,陈凯歌 Kaige Chen,张国荣 Leslie Cheung / 张丰毅 Fengyi Zha...,1993,中国大陆 中国香港,剧情 爱情 同性,https://movie.douban.com/subject/1291546/
3,泰坦尼克号,Titanic,铁达尼号(港 / 台),9.5,2517180,失去的才是永恒的。,詹姆斯·卡梅隆 James Cameron,莱昂纳多·迪卡普里奥 Leonardo...,1997,美国,剧情 爱情 灾难,https://movie.douban.com/subject/1292722/
4,阿甘正传,Forrest Gump,福雷斯特·冈普,9.5,2445917,一部美国近现代史。,罗伯特·泽米吉斯 Robert Zemeckis,汤姆·汉克斯 Tom Hanks / ...,1994,美国,剧情 爱情,https://movie.douban.com/subject/1292720/
5,千与千寻,千と千尋の神隠し,神隐少女(台)  /  千与千寻的神隐,9.4,2555833,最好的宫崎骏，最好的久石让。,宫崎骏 Hayao Miyazaki,柊瑠美 Rumi Hîragi / 入野自由 Miy...,2001,日本,剧情 动画 奇幻,https://movie.douban.com/subject/1291561/
6,星际穿越,Interstellar,星际启示录(港)  /  星际效应(台),9.4,2205416,爱是一种力量，让我们超越时空感知它的存在。,克里斯托弗·诺兰 Christopher Nolan,马修·麦康纳 Matthew Mc...,2014,美国 英国 加拿大,剧情 科幻 冒险,https://movie.douban.com/subject/1889243/
7,美丽人生,La vita è bella,一个快乐的传说(港)  /  Life Is Beautiful,9.5,1491702,最美的谎言。,罗伯托·贝尼尼 Roberto Benigni,罗伯托·贝尼尼 Roberto Beni...,1997,意大利,剧情 喜剧 爱情 战争,https://movie.douban.com/subject/1292063/
8,这个杀手不太冷,Léon,终极追杀令(台)  /  杀手莱昂,9.4,2566593,怪蜀黍和小萝莉不得不说的故事。,吕克·贝松 Luc Besson,让·雷诺 Jean Reno / 娜塔莉·波特曼 ...,1994,法国 美国,剧情 动作 犯罪,https://movie.douban.com/subject/1295644/
9,盗梦空间,Inception,潜行凶间(港)  /  全面启动(台),9.4,2341549,诺兰给了我们一场无法盗取的梦。,克里斯托弗·诺兰 Christopher Nolan,莱昂纳多·迪卡普里奥 Le...,2010,美国 英国,剧情 科幻 悬疑 冒险,https://movie.douban.com/subject/3541415/
10,楚门的世界,The Truman Show,真人Show(港)  /  真人戏,9.4,2037173,如果再也不能见到你，祝你早安，午安，晚安。,彼得·威尔 Peter Weir,金·凯瑞 Jim Carrey / 劳拉·琳妮 Lau...,1998,美国,剧情 科幻,https://movie.douban.com/subject/1292064/
11,辛德勒的名单,Schindler's List,舒特拉的名单(港)  /  辛德勒名单,9.5,1254771,拯救一个人，就是拯救整个世界。,史蒂文·斯皮尔伯格 Steven Spielberg,连姆·尼森 Liam Neeson...,1993,美国,剧情 历史 战争,https://movie.douban.com/subject/1295124/
12,忠犬八公的故事,Hachi: A Dog's Tale,秋田犬八千(港)  /  忠犬小八(台),9.4,1552356,永远都不能忘记你所爱的人。,莱塞·霍尔斯道姆 Lasse Hallström,理查·基尔 Richard Ger...,2009,美国 英国,剧情,https://movie.douban.com/subject/3011091/
13,海上钢琴师,La leggenda del pianista sull'oceano,声光伴我飞(港)  /  一九零零的传奇,9.3,1891497,每个人都要走一条自己坚定了的路，就算是粉身碎骨。,朱塞佩·托纳多雷 Giuseppe Tornatore,蒂姆·罗斯 Tim Roth / ...,1998,意大利,剧情 音乐,https://movie.douban.com/subject/1292001/
14,疯狂动物城,Zootopia,优兽大都会(港)  /  动物方城市(台),9.3,2340868,迪士尼给我们营造的乌托邦就是这样，永远善良勇敢，永远出乎意料。,拜伦·霍华德 Byron Howard / 瑞奇·摩尔 Rich Moore,金妮弗·...,2016,美国,喜剧 动画 冒险,https://movie.douban.com/subject/25662329/
15,三傻大闹宝莱坞,3 Idiots,三个傻瓜(台)  /  作死不离3兄弟(港),9.2,2091932,英俊版憨豆，高情商版谢耳朵。,拉库马·希拉尼 Rajkumar Hirani,阿米尔·汗 Aamir Khan / 卡...,2009,印度,剧情 喜剧 爱情 歌舞,https://movie.douban.com/subject/3793023/
16,机器人总动员,WALL·E,太空奇兵·威E(港)  /  瓦力(台),9.3,1505651,小瓦力，大人生。,安德鲁·斯坦顿 Andrew Stanton,本·贝尔特 Ben Burtt / 艾丽...,2008,美国,科幻 动画 冒险,https://movie.douban.com/subject/2131459/
17,放牛班的春天,Les choristes,歌声伴我心(港)  /  唱诗班男孩,9.3,1483836,天籁一般的童声，是最接近上帝的存在。,克里斯托夫·巴拉蒂 Christophe Barratier,让-巴蒂斯特·莫尼...,2004,法国 瑞士 德国,剧情 音乐,https://movie.douban.com/subject/1291549/
18,无间道,無間道,Infernal Affairs  /  Mou gaan dou,9.3,1577746,香港电影史上永不过时的杰作。,刘伟强 / 麦兆辉,刘德华 Andy Lau / 梁朝伟 Tony Leung Chiu W...,2002,中国香港,剧情 犯罪 惊悚,https://movie.douban.com/subject/1307914/
19,控方证人,Witness for the Prosecution,雄才伟略  /  情妇,9.6,754211,比利·怀德满分作品。,比利·怀尔德 Billy Wilder,泰隆·鲍华 Tyrone Power / 玛琳·...,1957,美国,剧情 犯罪 悬疑 惊悚,https://movie.douban.com/subject/1296141/
20,寻梦环游记,Coco,玩转极乐园(港)  /  可可夜总会(台),9.1,2010121,死亡不是真的逝去，遗忘才是永恒的消亡。,李·昂克里奇 Lee Unkrich / 阿德里安·莫利纳 Adrian Molina,...,2017,美国,喜剧 动画 奇幻 音乐,https://movie.douban.com/subject/20495023/
21,大话西游之大圣娶亲,西遊記大結局之仙履奇緣,西游记完结篇仙履奇缘  /  齐天大圣西游记,9.2,1721517,一生所爱。,刘镇伟 Jeffrey Lau,周星驰 Stephen Chow / 吴孟达 Man Tat Ng...,1995,中国香港 中国大陆,喜剧 爱情 奇幻 古装,https://movie.douban.com/subject/1292213/
22,熔炉,도가니,无声呐喊(港)  /  漩涡,9.3,1042023,我们一路奋战不是为了改变世界，而是为了不让世界改变我们。,黄东赫 Dong-hyuk Hwang,孔侑 Yoo Gong / 郑有美 Yu-mi Jung /...,2011,韩国,剧情,https://movie.douban.com/subject/5912992/
23,触不可及,Intouchables,闪亮人生(港)  /  逆转人生(台),9.3,1306231,满满温情的高雅喜剧。,奥利维·那卡什 Olivier Nakache / 艾力克·托兰达 Eric Toledano   主...,,2011,法国,剧情 喜剧,https://movie.douban.com/subject/6786002/
24,教父,The Godfather,Mario Puzo's The Godfather,9.3,1116505,千万不要记恨你的对手，这样会让你失去理智。,弗朗西斯·福特·科波拉 Francis Ford Coppola,马龙·白兰度 M...,1972,美国,剧情 犯罪,https://movie.douban.com/subject/1291841/
25,哈利·波特与魔法石,Harry Potter and the Sorcerer's Stone,哈利波特1：神秘的魔法石(港 / 台),9.2,1436054,童话世界的开端。,Chris Columbus,Daniel Radcliffe / Emma Watson / Rupert Grint,2001,美国 英国,奇幻 冒险,https://movie.douban.com/subject/1295038/
26,末代皇帝,The Last Emperor,末代皇帝溥仪(港)  /  L'ultimo imperatore,9.3,1037393,“不要跟我比惨，我比你更惨”再适合这部电影不过了。,贝纳尔多·贝托鲁奇 Bernardo Bertolucci,尊龙 John Lone / 陈...,1987,英国 意大利 中国大陆 法国,剧情 传记 历史,https://movie.douban.com/subject/1293172/
27,当幸福来敲门,The Pursuit of Happyness,寻找快乐的故事(港)  /  追求快乐,9.1,1698942,平民励志片。,加布里尔·穆奇诺 Gabriele Muccino,威尔·史密斯 Will Smith ...,2006,美国,剧情 传记 家庭,https://movie.douban.com/subject/1849031/
28,龙猫,となりのトトロ,邻居托托罗  /  邻家的豆豆龙,9.2,1420612,人人心中都有个龙猫，童年就永远不会消失。,宫崎骏 Hayao Miyazaki,日高法子 Noriko Hidaka / 坂本千夏 Ch...,1988,日本,动画 奇幻 冒险,https://movie.douban.com/subject/1291560/
29,活着,,人生  /  Lifetimes,9.3,978489,张艺谋最好的电影。,张艺谋 Yimou Zhang,葛优 You Ge / 巩俐 Li Gong / 姜武 Wu Jiang,1994,中国大陆 中国香港,剧情 历史 家庭,https://movie.douban.com/subject/1292365/
30,怦然心动,Flipped,萌动青春  /  青春萌动,9.1,2065129,真正的幸福是来自内心深处。,罗伯·莱纳 Rob Reiner,玛德琳·卡罗尔 Madeline Carroll / 卡...,2010,美国,剧情 喜剧 爱情,https://movie.douban.com/subject/3319755/
31,蝙蝠侠：黑暗骑士,The Dark Knight,蝙蝠侠前传2：黑暗骑士  /  黑暗骑士(台),9.2,1201926,无尽的黑暗。,克里斯托弗·诺兰 Christopher Nolan,克里斯蒂安·贝尔 Christ...,2008,美国 英国,剧情 动作 科幻 犯罪 惊悚,https://movie.douban.com/subject/1851857/
32,指环王3：王者无敌,The Lord of the Rings: The Return of the King,魔戒三部曲：王者再临(台 / 港),9.3,917937,史诗的终章。,彼得·杰克逊 Peter Jackson,伊利亚·伍德 Elijah Wood / 西恩...,2003,美国 新西兰,剧情 动作 奇幻 冒险,https://movie.douban.com/subject/1291552/
33,我不是药神,,中国药神  /  印度药神,9.0,2365743,对我们国家而言，这样的电影多一部是一部。,文牧野 Muye Wen,徐峥 Zheng Xu / 王传君 Chuanjun Wang / 周...,2018,中国大陆,剧情 喜剧,https://movie.douban.com/subject/26752088/
34,乱世佳人,Gone with the Wind,飘,9.3,803310,Tomorrow is another day.,维克多·弗莱明 Victor Fleming / 乔治·库克 George Cukor,费...,1939,美国,剧情 历史 爱情 战争,https://movie.douban.com/subject/1300267/
35,让子弹飞,,让子弹飞一会儿  /  火烧云,9.0,1933435,你给我翻译翻译，神马叫做TMD的惊喜。,姜文 Wen Jiang,姜文 Wen Jiang / 葛优 You Ge / 周润发 Yun-F...,2010,中国大陆 中国香港,剧情 喜剧 动作 西部,https://movie.douban.com/subject/3742360/
36,飞屋环游记,Up,冲天救兵(港)  /  天外奇迹(台),9.1,1512905,最后那些最无聊的事情，才是最值得怀念的。,彼特·道格特 Pete Docter / 鲍勃·彼德森 Bob Peterson,爱德...,2009,美国,剧情 喜剧 动画 冒险,https://movie.douban.com/subject/2129039/
37,哈尔的移动城堡,ハウルの動く城,哈尔移动城堡(港)  /  霍尔的移动城堡(台),9.1,1304545,带着心爱的人在天空飞翔。,宫崎骏 Hayao Miyazaki,倍赏千惠子 Chieko Baishô / 木村拓...,2004,日本,爱情 动画 奇幻 冒险,https://movie.douban.com/subject/1308807/
38,十二怒汉,12 Angry Men,12怒汉  /  十二怒汉,9.4,584768,1957年的理想主义。,西德尼·吕美特 Sidney Lumet,亨利·方达 Henry Fonda / 马丁...,1957,美国,剧情,https://movie.douban.com/subject/1293182/
39,海蒂和爷爷,Heidi,飘零燕(港)  /  海蒂,9.3,793927,如果生活中有什么使你感到快乐，那就去做吧！不要管别人说什么。,阿兰·葛斯彭纳 Alain Gsponer,阿努克·斯特芬 Anuk Steffen /...,2015,德国 瑞士,剧情 冒险 家庭,https://movie.douban.com/subject/25958717/
40,素媛,소원,许愿  /  希望：为爱重生(台),9.3,782110,受过伤害的人总是笑得最开心，因为他们不愿意让身边的人承受一样的痛苦。,李濬益 Jun-ik Lee,薛景求 Kyung-gu Sol / 严志媛 Ji-won Uhm ...,2013,韩国,剧情,https://movie.douban.com/subject/21937452/
41,猫鼠游戏,Catch Me If You Can,逍遥法外  /  捉智双雄(港),9.1,1222834,骗子大师和执著警探的你追我跑故事。,史蒂文·斯皮尔伯格 Steven Spielberg,莱昂纳多·迪卡普里奥 L...,2002,美国 加拿大,传记 犯罪 剧情,https://movie.douban.com/subject/1305487/
42,天空之城,天空の城ラピュタ,天空之城拉普他  /  空中城堡拉普他,9.2,1016630,对天空的追逐，永不停止。,宫崎骏 Hayao Miyazaki,田中真弓 Mayumi Tanaka / 横泽启子 Ke...,1986,日本,动画 奇幻 冒险,https://movie.douban.com/subject/1291583/
43,鬼子来了,,Devils on the Doorstep,9.3,721451,对敌人的仁慈，就是对自己残忍。,姜文 Wen Jiang,姜文 Wen Jiang / 香川照之 Teruyuki Kagawa /...,2000,中国大陆,剧情 喜剧,https://movie.douban.com/subject/1291858/
44,摔跤吧！爸爸,Dangal,我和我的冠军女儿(台)  /  打死不离3父女(港),9.0,1758190,你不是在为你一个人战斗，你要让千千万万的女性看到女生并不是只能相夫教子。,涅提·蒂瓦里 Nitesh Tiwari,阿米尔·汗 Aamir Khan / 法缇玛...,2016,印度,剧情 传记 运动 家庭,https://movie.douban.com/subject/26387939/
45,少年派的奇幻漂流,Life of Pi,少年Pi的奇幻漂流  /  漂流少年Pi,9.1,1498883,瑰丽壮观、无人能及的冒险之旅。,李安 Ang Lee,苏拉·沙玛 Suraj Sharma / 伊尔凡·可汗 Irrfan...,2012,美国 中国台湾 英国 加拿大,剧情 奇幻 冒险,https://movie.douban.com/subject/1929463/
46,钢琴家,The Pianist,钢琴战曲(港)  /  战地琴人(台),9.3,756502,,罗曼·波兰斯基 Roman Polanski,艾德里安·布洛迪 Adrien Brod...,2002,英国 法国 波兰 德国 美国,剧情 传记 战争 音乐,https://movie.douban.com/subject/1296736/
47,死亡诗社,Dead Poets Society,暴雨骄阳(港)  /  春风化雨(台),9.2,893878,当一个死水般的体制内出现一个活跃的变数时，所有的腐臭都站在了光明的对面。,彼得·威尔 Peter Weir,罗宾·威廉姆斯 Robin Williams / 罗伯...,1989,美国,剧情,https://movie.douban.com/subject/1291548/
48,指环王2：双塔奇兵,The Lord of the Rings: The Two Towers,魔戒二部曲：双城奇谋  /  指环王II：双塔,9.2,864780,承前启后的史诗篇章。,彼得·杰克逊 Peter Jackson,伊利亚·伍德 Elijah Wood / 西恩...,2002,美国 新西兰,剧情 动作 奇幻 冒险,https://movie.douban.com/subject/1291572/
49,大话西游之月光宝盒,西遊記第壹佰零壹回之月光寶盒,西游记101回月光宝盒  /  齐天大圣东游记,9.0,1376975,,刘镇伟 Jeffrey Lau,周星驰 Stephen Chow / 吴孟达 Man Tat Ng...,1995,中国香港 中国大陆,喜剧 爱情 奇幻 古装,https://movie.douban.com/subject/1299398/
50,绿皮书,Green Book,绿簿旅友(港)  /  幸福绿皮书(台),8.9,1908772,去除成见，需要勇气。,彼得·法雷里 Peter Farrelly,维果·莫腾森 Viggo Mortensen /...,2018,美国 中国大陆,剧情 喜剧 传记 音乐,https://movie.douban.com/subject/27060077/
51,何以为家,كفرناحوم,迦百农  /  星仔打官司(港),9.1,1169289,凝视卑弱生命，用电影改变命运。,娜丁·拉巴基 Nadine Labaki,扎因·拉费阿 Zain al-Rafeea / ...,2018,黎巴嫩 美国 法国 塞浦路斯 卡塔尔 英国,剧情,https://movie.douban.com/subject/30170448/
52,闻香识女人,Scent of a Woman,女人香  /  女人的芳香,9.1,1031426,,马丁·布莱斯 Martin Brest,阿尔·帕西诺 Al Pacino / 克里斯...,1992,美国,剧情,https://movie.douban.com/subject/1298624/
53,大闹天宫,,大闹天宫 上下集  /  The Monkey King,9.4,514700,,万籁鸣 Laiming Wan,邱岳峰 Yuefeng Qiu / 富润生 Runsheng Fu...,1961(中国大陆),1964(中国大陆),1978(中国大陆),https://movie.douban.com/subject/1418019/
54,黑客帝国,The Matrix,22世纪杀人网络(港)  /  廿二世纪杀人网络(港),9.1,959178,,安迪·沃卓斯基 Andy Wachowski / 拉娜·沃卓斯基 Lana Wachowski   主...,,1999,美国,动作 科幻,https://movie.douban.com/subject/1291843/
55,指环王1：护戒使者,The Lord of the Rings: The Fellowship of the Ring,指环王1：魔戒再现  /  指环王I：护戒使者,9.1,968540,,彼得·杰克逊 Peter Jackson,伊利亚·伍德 Elijah Wood / 西恩...,2001,新西兰 美国 英国,剧情 动作 奇幻 冒险,https://movie.douban.com/subject/1291571/
56,罗马假日,Roman Holiday,金枝玉叶(港)  /  罗马假期(台),9.1,1054957,,威廉·惠勒 William Wyler,奥黛丽·赫本 Audrey Hepburn / 格...,1953,美国,喜剧 剧情 爱情,https://movie.douban.com/subject/1293839/
57,教父2,The Godfather: Part II,教父续集(港)  /  教父II,9.3,646560,,弗朗西斯·福特·科波拉 Francis Ford Coppola,阿尔·帕西诺 A...,1974,美国,剧情 犯罪,https://movie.douban.com/subject/1299131/
58,狮子王,The Lion King,狮子王3D,9.1,968831,,Roger Allers / 罗伯·明可夫 Rob Minkoff,乔纳森·泰勒·托马...,1994,美国,动画 冒险 歌舞,https://movie.douban.com/subject/1301753/
59,天堂电影院,Nuovo Cinema Paradiso,星光伴我心(港)  /  新天堂乐园(台),9.2,746778,,朱塞佩·托纳多雷 Giuseppe Tornatore,菲利普·努瓦雷 Philipp...,1988,意大利 法国,剧情 爱情,https://movie.douban.com/subject/1291828/
60,饮食男女,飲食男女,Eat Drink Man Woman,9.2,733622,,李安 Ang Lee,郎雄 Sihung Lung / 杨贵媚 Kuei-Mei Yang / 吴...,1994,中国台湾 美国,剧情 家庭,https://movie.douban.com/subject/1291818/
61,辩护人,변호인,逆权大状(港)  /  正义辩护人(台),9.2,661939,电影的现实意义大过电影本身。,杨宇硕 Woo-seok Yang,宋康昊 Kang-ho Song / 金英爱 Yeong-ae...,2013,韩国,剧情,https://movie.douban.com/subject/21937445/
62,本杰明·巴顿奇事,The Curious Case of Benjamin Button,奇幻逆缘(港)  /  班杰明的奇幻旅程(台),9.0,1113393,在时间之河里感受溺水之苦。,大卫·芬奇 David Fincher,布拉德·皮特 Brad Pitt / 凯特·布...,2008,美国,剧情 爱情 奇幻,https://movie.douban.com/subject/1485260/
63,搏击俱乐部,Fight Club,搏击会(港)  /  斗阵俱乐部(台),9.0,986313,,大卫·芬奇 David Fincher,爱德华·诺顿 Edward Norton / 布拉...,1999,美国,剧情 动作 悬疑 惊悚,https://movie.douban.com/subject/1292000/
64,美丽心灵,A Beautiful Mind,有你终生美丽(港)  /  美丽境界(台),9.1,858788,,朗·霍华德 Ron Howard,罗素·克劳 Russell Crowe / 艾德·哈...,2001,美国,传记 剧情,https://movie.douban.com/subject/1306029/
65,穿条纹睡衣的男孩,The Boy in the Striped Pajamas,穿条纹衣服的男孩  /  穿条纹衣的男孩,9.2,646857,尽管有些不切实际的幻想，这部电影依旧是一部感人肺腑的佳作。,马克·赫尔曼 Mark Herman,阿萨·巴特菲尔德 Asa Butterfield ...,2008,英国 美国,剧情 战争,https://movie.douban.com/subject/3008247/
66,哈利·波特与死亡圣器(下),Harry Potter and the Deathly Hallows: Part 2,哈利波特7：死神的圣物2(港 / 台),9.0,979555,10年的完美句点。,大卫·叶茨 David Yates,丹尼尔·雷德克里夫 Daniel Radcliffe...,2011,美国 英国,奇幻 冒险,https://movie.douban.com/subject/3011235/
67,两杆大烟枪,"Lock, Stock and Two Smoking Barrels",够姜四小强(港)  /  两根枪管(台),9.1,684329,,盖·里奇 Guy Ritchie,杰森·弗莱明 Jason Flemyng / 德克斯特...,1998,英国,剧情 喜剧 犯罪,https://movie.douban.com/subject/1293350/
68,情书,Love Letter,When I Close My Eyes  /  Letters of Love,8.9,1337867,,岩井俊二 Shunji Iwai,中山美穗 Miho Nakayama / 丰川悦司 Ets...,1995,日本,剧情 爱情,https://movie.douban.com/subject/1292220/
69,功夫,,功夫3D  /  Kung Fu Hustle,8.9,1354780,警恶惩奸，维护世界和平这个任务就交给你了，好吗？,周星驰 Stephen Chow,周星驰 Stephen Chow / 元秋 Qiu Yuen / ...,2004,中国大陆 中国香港,动作 喜剧 犯罪 奇幻,https://movie.douban.com/subject/1291543/
70,窃听风暴,Das Leben der Anderen,窃听者(港)  /  他人的生活,9.2,636993,别样人生。,弗洛里安·亨克尔·冯·多纳斯马尔克 Florian Henckel von Donnersmarck  &n...,,2006,德国,剧情 悬疑,https://movie.douban.com/subject/1900841/
71,音乐之声,The Sound of Music,仙乐飘飘处处闻(港)  /  真善美(台),9.1,689964,,罗伯特·怀斯 Robert Wise,朱莉·安德鲁斯 Julie Andrews / 克...,1965,美国,剧情 传记 爱情 歌舞,https://movie.douban.com/subject/1294408/
72,哈利·波特与阿兹卡班的囚徒,Harry Potter and the Prisoner of Azkaban,哈利波特3：阿兹卡班的逃犯(港 / 台),9.0,900508,不一样的导演，不一样的哈利·波特。,阿方索·卡隆 Alfonso Cuarón,丹尼尔·雷德克里夫 Daniel Rad...,2004,英国 美国,奇幻 冒险,https://movie.douban.com/subject/1291544/
73,阿凡达,Avatar,,8.8,1596898,绝对意义上的美轮美奂。,詹姆斯·卡梅隆 James Cameron,萨姆·沃辛顿 Sam Worthington ...,2009,美国,动作 科幻 冒险,https://movie.douban.com/subject/1652587/
74,西西里的美丽传说,Malèna,真爱伴我行(台)  /  玛莲娜,8.9,1101051,,朱塞佩·托纳多雷 Giuseppe Tornatore,莫妮卡·贝鲁奇 Monica ...,2000,意大利 美国,剧情 战争 情色,https://movie.douban.com/subject/1292402/
75,看不见的客人,Contratiempo,死无对证(港)  /  布局(台),8.8,1453078,你以为你以为的就是你以为的。,奥里奥尔·保罗 Oriol Paulo,马里奥·卡萨斯 Mario Casas / 阿...,2016,西班牙,剧情 犯罪 悬疑 惊悚,https://movie.douban.com/subject/26580232/
76,拯救大兵瑞恩,Saving Private Ryan,雷霆救兵(港)  /  抢救雷恩大兵(台),9.1,732375,,史蒂文·斯皮尔伯格 Steven Spielberg,汤姆·汉克斯 Tom Hanks...,1998,美国,剧情 战争,https://movie.douban.com/subject/1292849/
77,沉默的羔羊,The Silence of the Lambs,沉默的羔羊,8.9,1025384,,乔纳森·戴米 Jonathan Demme,朱迪·福斯特 Jodie Foster / 安...,1991,美国,剧情 犯罪 惊悚,https://movie.douban.com/subject/1293544/
78,小鞋子,بچه های آسمان,天堂的孩子  /  小童鞋,9.2,471887,,马基德·马基迪 Majid Majidi,默罕默德·阿米尔·纳吉 Mohamma...,1997,伊朗,剧情 儿童 家庭,https://movie.douban.com/subject/1303021/
79,蝴蝶效应,The Butterfly Effect,蝴蝶效应,8.9,1078521,人的命运被自己瞬间的抉择改变。,埃里克·布雷斯 Eric Bress / J·麦基·格鲁伯 J. Mackye Gruber   主...,,2004,美国 加拿大,剧情 悬疑 科幻 惊悚,https://movie.douban.com/subject/1292343/
80,布达佩斯大饭店,The Grand Budapest Hotel,布达佩斯大酒店(港)  /  欢迎来到布达佩斯大饭店(台),8.9,1095316,小清新的故事里注入了大历史的情怀。,韦斯·安德森 Wes Anderson,拉尔夫·费因斯 Ralph Fiennes / ...,2014,美国 德国 英国,剧情 喜剧 冒险,https://movie.douban.com/subject/11525673/
81,还有明天,C'è ancora domani,明天还有梦(港)  /  我们还有明天(台),9.3,384219,,宝拉·柯特莱西 Paola Cortellesi,宝拉·柯特莱西 Paola Corte...,2023,意大利,剧情 喜剧 历史,https://movie.douban.com/subject/36445098/
82,飞越疯人院,One Flew Over the Cuckoo's Nest,飞越杜鹃窝(台)  /  飞越喜鹊巢,9.1,610025,,米洛斯·福尔曼 Miloš Forman,杰克·尼科尔森 Jack Nichols...,1975,美国,剧情,https://movie.douban.com/subject/1292224/
83,禁闭岛,Shutter Island,不赦岛(港)  /  隔离岛(台),8.9,1124978,昔日翩翩少年，今日大腹便便。,Martin Scorsese,莱昂纳多·迪卡普里奥 Leonardo DiCaprio / ...,2010,美国,剧情 悬疑 惊悚,https://movie.douban.com/subject/2334904/
84,心灵捕手,Good Will Hunting,骄阳似我(港)  /  心灵捕手,9.0,822202,,格斯·范·桑特 Gus Van Sant,马特·达蒙 Matt Damon / 罗宾·...,1997,美国,剧情,https://movie.douban.com/subject/1292656/
85,致命魔术,The Prestige,死亡魔法(港)  /  顶尖对决(台),8.9,972453,孪生蝙蝠侠大战克隆金刚狼。,克里斯托弗·诺兰 Christopher Nolan,休·杰克曼 Hugh Jackman...,2006,英国 美国,剧情 悬疑 惊悚,https://movie.douban.com/subject/1780330/
86,低俗小说,Pulp Fiction,危险人物(港)  /  黑色追缉令(台),8.9,969008,,昆汀·塔伦蒂诺 Quentin Tarantino,约翰·特拉沃尔塔 John Tra...,1994,美国,剧情 喜剧 犯罪,https://movie.douban.com/subject/1291832/
87,哈利·波特与密室,Harry Potter and the Chamber of Secrets,哈利波特2：消失的密室(港 / 台),8.9,927362,,Chris Columbus,丹尼尔·雷德克里夫 Daniel Radcliffe / 艾玛...,2002,英国 美国,奇幻 冒险,https://movie.douban.com/subject/1296996/
88,一一,,Yi yi  /  Yi yi: A One and a Two,9.1,522434,,杨德昌 Edward Yang,吴念真 / 李凯莉 Kelly Lee / 金燕玲 Elai...,2000,中国台湾 日本,剧情 爱情 家庭,https://movie.douban.com/subject/1292434/
89,超脱,Detachment,人间师格(台),9.0,731119,穷尽一生，我们要学会的，不过是彼此拥抱。,托尼·凯耶 Tony Kaye,艾德里安·布洛迪 Adrien Brody / 马西...,2011,美国,剧情,https://movie.douban.com/subject/5322596/
90,喜剧之王,喜劇之王,King of Comedy,8.8,1108563,,周星驰 Stephen Chow / 李力持 Lik-Chi Lee,周星驰 Stephen Ch...,1999,中国香港,喜剧 剧情 爱情,https://movie.douban.com/subject/1302425/
91,致命ID,Identity,杀人游戏  /  致命身份,8.9,961480,,詹姆斯·曼高德 James Mangold,约翰·库萨克 John Cusack / 雷...,2003,美国,剧情 悬疑 惊悚,https://movie.douban.com/subject/1297192/
92,杀人回忆,살인의 추억,谋杀回忆  /  杀手回忆录,8.9,847348,,奉俊昊 Joon-ho Bong,宋康昊 Kang-ho Song / 金相庆 Sang-kyun...,2003,韩国,剧情 动作 犯罪 悬疑 惊悚,https://movie.douban.com/subject/1300299/
93,摩登时代,Modern Times,The Masses  /  Les Temps modernes,9.3,350918,,查理·卓别林 Charles Chaplin,查理·卓别林 Charles Chaplin ...,1936,美国,剧情 喜剧 爱情,https://movie.douban.com/subject/1294371/
94,加勒比海盗,Pirates of the Caribbean: The Curse of the Black Pearl,加勒比海盗1：黑珍珠号的诅咒  /  神鬼奇航：鬼盗船魔咒(台),8.8,978915,,戈尔·维宾斯基 Gore Verbinski,约翰尼·德普 Johnny Depp / ...,2003,美国,动作 冒险 奇幻,https://movie.douban.com/subject/1298070/
95,春光乍泄,春光乍洩,一起快乐  /  Happy Together,9.0,715156,,王家卫 Kar Wai Wong,张国荣 Leslie Cheung / 梁朝伟 Tony Leu...,1997,中国香港 日本 韩国,剧情 爱情 同性,https://movie.douban.com/subject/1292679/
96,海豚湾,The Cove,血色海湾(台)  /  海湾,9.3,384413,海豚的微笑，是世界上最高明的伪装。,路易·西霍尤斯 Louie Psihoyos,路易·西霍尤斯 Louie Psihoyo...,2009,美国,纪录片,https://movie.douban.com/subject/3442220/
97,美国往事,Once Upon a Time in America,四海兄弟(台)  /  义薄云天(港),9.1,476917,,赛尔乔·莱翁内 Sergio Leone,罗伯特·德尼罗 Robert De Niro ...,1984,美国 意大利,犯罪 剧情,https://movie.douban.com/subject/1292262/
98,红辣椒,パプリカ,盗梦侦探(港 / 台),9.0,578330,梦的勾结。,今敏 Satoshi Kon,林原惠美 Megumi Hayashibara / 江守彻 Toru...,2006,日本,动画 悬疑 科幻 惊悚,https://movie.douban.com/subject/1865703/
99,七宗罪,Se7en,火线追缉令(台)  /  7宗罪,8.8,1074411,,大卫·芬奇 David Fincher,摩根·弗里曼 Morgan Freeman / 布...,1995,美国,剧情 犯罪 悬疑 惊悚,https://movie.douban.com/subject/1292223/
100,唐伯虎点秋香,唐伯虎點秋香,Flirting Scholar,8.8,1237701,,李力持 Lik-Chi Lee,周星驰 Stephen Chow / 巩俐 Li Gong / 陈...,1993,中国香港,喜剧 爱情 古装,https://movie.douban.com/subject/1306249/
101,狩猎,Jagten,诬网(港)  /  谎言的烙印(台),9.1,477241,人言可畏。,托马斯·温特伯格 Thomas Vinterberg,麦斯·米科尔森 Mads Mik...,2012,丹麦 瑞典,剧情,https://movie.douban.com/subject/6985810/
102,幽灵公主,もののけ姫,魔法公主  /  幽灵少女,8.9,677224,,宫崎骏 Hayao Miyazaki,松田洋治 Yôji Matsuda / 石田百合...,1997,日本,动画 奇幻 冒险,https://movie.douban.com/subject/1297359/
103,寄生虫,기생충,寄生上流(台)  /  上流寄生族(港),8.8,1562005,,奉俊昊 Joon-ho Bong,宋康昊 Kang-ho Song / 李善均 Seon-gyun...,2019,韩国,剧情,https://movie.douban.com/subject/27010768/
104,甜蜜蜜,,Comrades: Almost a Love Story,8.9,682138,,陈可辛 Peter Chan,黎明 Leon Lai / 张曼玉 Maggie Cheung / ...,1996,中国香港,剧情 爱情,https://movie.douban.com/subject/1305164/
105,天书奇谭,,天书奇谭4K纪念版  /  The Legend of Sealed Book,9.2,340834,,王树忱 Shuchen Wang / 钱运达 Yunda Qian,丁建华 Jianhua Din...,1983(中国大陆),2021,中国大陆,https://movie.douban.com/subject/1428581/
106,蝙蝠侠：黑暗骑士崛起,The Dark Knight Rises,蝙蝠侠前传3：黑暗骑士崛起  /  黑暗骑士：黎明升起(台),8.9,822804,诺兰就是保证。,克里斯托弗·诺兰 Christopher Nolan,克里斯蒂安·贝尔 Christ...,2012,美国 英国,剧情 动作 科幻 犯罪 惊悚,https://movie.douban.com/subject/3395373/
107,超能陆战队,Big Hero 6,大英雄联盟(港)  /  大英雄天团(台),8.8,1157308,Balalala~~~,唐·霍尔 Don Hall / 克里斯·威廉姆斯 Chris Williams,斯科特...,2014,美国,喜剧 动作 科幻 动画 冒险,https://movie.douban.com/subject/11026735/
108,茶馆,,The Teahouse,9.5,214751,,谢添 Tian Xie,于是之 Shizhi Yu / 郑榕 Rong Zhen / 蓝天野 T...,1982(中国大陆),中国大陆,剧情 历史,https://movie.douban.com/subject/1461403/
109,7号房的礼物,7번방의 선물,戆爸的礼物(港)  /  7号囚房的礼物,8.9,627831,《我是山姆》的《美丽人生》。,李焕庆 Hwan-kyeong Lee,柳承龙 Seung-yong Ryoo / 朴信惠 Shi...,2013,韩国,剧情 喜剧 家庭,https://movie.douban.com/subject/10777687/
110,第六感,The Sixth Sense,鬼眼(港)  /  灵异第六感(台),8.9,646923,,M·奈特·沙马兰 M. Night Shyamalan,布鲁斯·威利斯 Bruce Wi...,1999,美国,剧情 悬疑 惊悚,https://movie.douban.com/subject/1297630/
111,爱在日落黄昏时,Before Sunset,日落巴黎(港)  /  爱在日落巴黎时(台),8.9,663581,九年后的重逢是世俗和责任的交叠，没了悸动和青涩，沧桑而温暖。,理查德·林克莱特 Richard Linklater,伊桑·霍克 Ethan Hawke ...,2004,美国 法国,剧情 爱情,https://movie.douban.com/subject/1291990/
112,爱在黎明破晓前,Before Sunrise,情留半天(港)  /  爱在黎明破晓时(台),8.8,813133,,理查德·林克莱特 Richard Linklater,伊桑·霍克 Ethan Hawke ...,1995,美国 奥地利 瑞士,剧情 爱情,https://movie.douban.com/subject/1296339/
113,头脑特工队,Inside Out,玩转脑朋友(港)  /  脑筋急转弯(台),8.9,819014,愿我们都不用长大，每一座城堡都能永远存在。,彼特·道格特 Pete Docter / 罗纳尔多·德尔·卡门 Ronaldo Del Carmen  &nb...,,2015,美国,喜剧 动画 冒险,https://movie.douban.com/subject/10533913/
114,哈利·波特与火焰杯,Harry Potter and the Goblet of Fire,哈利波特4：火杯的考验(港 / 台),8.8,812757,,迈克·内威尔 Mike Newell,丹尼尔·雷德克里夫 Daniel Radclif...,2005,英国 美国,悬疑 奇幻 冒险,https://movie.douban.com/subject/1309055/
115,被嫌弃的松子的一生,嫌われ松子の一生,花样奇缘(港)  /  令人讨厌的松子的一生(台),8.8,781147,以戏谑来戏谑戏谑。,中岛哲也 Tetsuya Nakashima,中谷美纪 Miki Nakatani / 瑛太 E...,2006,日本,剧情 歌舞,https://movie.douban.com/subject/1787291/
116,未麻的部屋,Perfect Blue,蓝色恐惧(港 / 台),9.1,432161,,今敏 Satoshi Kon,岩男润子 Junko Iwao / 松本梨香 Rica Matsu...,1997,日本,剧情 犯罪 动画 悬疑 惊悚,https://movie.douban.com/subject/1395091/
117,重庆森林,重慶森林,Chungking Express,8.8,932126,,王家卫 Kar Wai Wong,林青霞 Brigitte Lin / 金城武 Takeshi K...,1994,中国香港,剧情 爱情,https://movie.douban.com/subject/1291999/
118,借东西的小人阿莉埃蒂,借りぐらしのアリエッティ,借物少女艾莉缇(台)  /  借东西的小矮人亚莉亚蒂(港),8.9,634829,曾经的那段美好会沉淀为一辈子的记忆。,米林宏昌 Hiromasa Yonebayashi,志田未来 Mirai Shida / 神木...,2010,日本,动画 奇幻 冒险,https://movie.douban.com/subject/4202302/
119,菊次郎的夏天,菊次郎の夏,菊次郎之夏  /  Kikujirô no natsu,8.9,681063,,北野武 Takeshi Kitano,北野武 Takeshi Kitano / 关口雄介 Yus...,1999,日本,剧情 喜剧,https://movie.douban.com/subject/1293359/
120,入殓师,おくりびと,礼仪师之奏鸣曲(港)  /  礼仪师(台),8.9,748225,死可能是一道门，逝去并不是终结，而是超越，走向下一程。,泷田洋二郎 Yôjirô Takita,本木雅弘 Masahiro Motoki / ...,2008,日本,剧情,https://movie.douban.com/subject/2149806/
121,剪刀手爱德华,Edward Scissorhands,幻海奇缘(港)  /  剪刀手爱德华,8.7,1128431,,蒂姆·波顿 Tim Burton,约翰尼·德普 Johnny Depp / 薇诺娜·...,1990,美国,剧情 爱情 奇幻,https://movie.douban.com/subject/1292370/
122,断背山,Brokeback Mountain,断臂山  /  BBM,8.8,790800,每个人心中都有一座断背山。,李安 Ang Lee,希斯·莱杰 Heath Ledger / 杰克·吉伦哈尔 Jake...,2005,美国 加拿大,剧情 爱情 同性 家庭,https://movie.douban.com/subject/1418834/
123,勇敢的心,Braveheart,惊世未了缘(港)  /  梅尔吉勃逊之英雄本色(台),8.9,610126,,梅尔·吉布森 Mel Gibson,梅尔·吉布森 Mel Gibson / 苏菲·玛...,1995,美国,动作 传记 剧情 历史 战争,https://movie.douban.com/subject/1294639/
124,时空恋旅人,About Time,回到最爱的一天(港)  /  真爱每一天(台),8.8,804292,把每天当作最后一天般珍惜度过，积极拥抱生活，就是幸福。,理查德·柯蒂斯 Richard Curtis,多姆纳尔·格里森 Domhnall Gl...,2013,英国 美国,喜剧 爱情 奇幻,https://movie.douban.com/subject/10577869/
125,傲慢与偏见,Pride & Prejudice,傲慢与偏见2005  /  Pride And Prejudice,8.7,952349,爱是摈弃傲慢与偏见之后的曙光。,乔·怀特 Joe Wright,凯拉·奈特莉 Keira Knightley / 马修·...,2005,法国 英国 美国,剧情 爱情,https://movie.douban.com/subject/1418200/
126,玩具总动员3,Toy Story 3,反斗奇兵3(港)  /  玩具的故事3,8.9,607302,跨度十五年的欢乐与泪水。,李·昂克里奇 Lee Unkrich,汤姆·汉克斯 Tom Hanks / 蒂姆·艾...,2010,美国,喜剧 动画 奇幻 冒险,https://movie.douban.com/subject/1858711/
127,驯龙高手,How to Train Your Dragon,驯龙记(港),8.8,876202,和谐的生活离不开摸头与被摸头。,迪恩·德布洛斯 Dean DeBlois / 克里斯·桑德斯 Chris Sanders,...,2010,美国,动画 奇幻 冒险,https://movie.douban.com/subject/2353023/
128,消失的爱人,Gone Girl,失踪的女孩  /  失踪女孩,8.7,1084005,年度最佳date movie。,大卫·芬奇 David Fincher,本·阿弗莱克 Ben Affleck / 罗莎蒙...,2014,美国,剧情 犯罪 悬疑 惊悚,https://movie.douban.com/subject/21318488/
129,无人知晓,誰も知らない,谁知赤子心(港)  /  无人知晓的夏日清晨(台),9.1,377496,我的平常生活就是他人的幸福。,是枝裕和 Hirokazu Koreeda,柳乐优弥 Yûya Yagira / 北浦爱...,2004,日本,剧情,https://movie.douban.com/subject/1292337/
130,倩女幽魂,,倩女幽魂(87版)  /  倩女幽魂：妖魔道,8.8,843516,,程小东 Siu-Tung Ching,张国荣 Leslie Cheung / 王祖贤 Joey W...,1987,中国香港,爱情 奇幻 武侠 古装,https://movie.douban.com/subject/1297447/
131,新世界,신세계,暗黑新世界(台)  /  New World,8.9,536154,要做就做得狠一点，这样才能活下去。,朴勋政 Hoon-jung Park,李政宰 Jung-Jae Lee / 崔岷植 Min-sik...,2013,韩国,剧情 犯罪,https://movie.douban.com/subject/10437779/
132,花样年华,花樣年華,花样年华导演特别版  /  花样年华4K修复版,8.8,816902,,王家卫 Kar Wai Wong,张曼玉 Maggie Cheung / 梁朝伟 Tony Leu...,2000,中国香港,剧情 爱情,https://movie.douban.com/subject/1291557/
133,一个叫欧维的男人决定去死,En man som heter Ove,明天别再来敲门(台)  /  想死冇咁易(港),8.9,577576,惠及一生的美丽。,汉内斯·赫尔姆 Hannes Holm,罗夫·拉斯加德 Rolf Lassgård...,2015,瑞典,剧情,https://movie.douban.com/subject/26628357/
134,色，戒,,色|戒  /  色·戒,8.7,974806,假戏真情，爱欲深海,李安 Ang Lee,梁朝伟 Tony Leung Chiu Wai / 汤唯 Wei Tang / ...,2007,中国台湾 中国大陆 美国 中国香港,剧情 爱情 情色,https://movie.douban.com/subject/1828115/
135,完美的世界,A Perfect World,强盗保镳,9.1,364299,,克林特·伊斯特伍德 Clint Eastwood,凯文·科斯特纳 Kevin Cos...,1993,美国,剧情 犯罪,https://movie.douban.com/subject/1300992/
136,怪兽电力公司,"Monsters, Inc.",怪兽公司(港)  /  怪物公司,8.8,779650,,彼特·道格特 Pete Docter / 大卫·斯沃曼 David Silverman,约...,2001,美国,儿童 喜剧 动画 奇幻 冒险,https://movie.douban.com/subject/1291579/
137,教父3,The Godfather: Part III,教父第三集  /  教父 III,9.0,438493,,弗朗西斯·福特·科波拉 Francis Ford Coppola,阿尔·帕西诺 A...,1990,美国,剧情 犯罪,https://movie.douban.com/subject/1294240/
138,小森林 夏秋篇,リトル・フォレスト 夏・秋,小森食光 / 夏秋篇(台),9.0,478676,那些静得只能听见呼吸的日子里，你明白孤独即生活。,森淳一 Junichi Mori,桥本爱 Ai Hashimoto / 三浦贵大 Takahir...,2014,日本,剧情,https://movie.douban.com/subject/25814705/
139,阳光灿烂的日子,,In the Heat of the Sun,8.8,702775,,姜文 Wen Jiang,夏雨 Yu Xia / 宁静 Jing Ning / 陶虹 Hong Tao,1994,中国大陆 中国香港,剧情 爱情,https://movie.douban.com/subject/1291875/
140,天使爱美丽,Le Fabuleux destin d'Amélie Poulain,艾蜜莉的异想世界(台)  /  天使艾米莉,8.7,1027346,,让-皮埃尔·热内 Jean-Pierre Jeunet,奥黛丽·塔图 Audrey Tau...,2001,法国 德国,剧情 喜剧 爱情,https://movie.douban.com/subject/1292215/
141,九品芝麻官,,九品芝麻官之白面包青天  /  Hail the Judge,8.8,806290,,王晶 Jing Wong,周星驰 Stephen Chow / 吴孟达 Man Tat Ng / ...,1994,中国香港,剧情 喜剧 古装,https://movie.douban.com/subject/1297518/
142,哪吒闹海,,Prince Nezha's Triumph Against Dragon King  /  Nezha Conquers the Dragon King,9.2,312368,,王树忱 Shuchen Wang / 严定宪 Dingxian Yan,梁正晖 Zhenghui ...,1979,中国大陆,冒险 动画 奇幻,https://movie.douban.com/subject/1307315/
143,侧耳倾听,耳をすませば,心之谷(台)  /  梦幻街少女(港),8.9,526089,,近藤喜文 Yoshifumi Kondo,本名阳子 Youko Honna / 小林桂树 K...,1995,日本,剧情 爱情 动画,https://movie.douban.com/subject/1297052/
144,被解救的姜戈,Django Unchained,被解放的姜戈  /  决杀令(台),8.8,701175,热血沸腾，那个低俗、性感的无耻混蛋又来了。,昆汀·塔伦蒂诺 Quentin Tarantino,杰米·福克斯 Jamie Foxx /...,2012,美国,剧情 动作 西部 冒险,https://movie.douban.com/subject/6307447/
145,幸福终点站,The Terminal,机场客运站(港)  /  航站情缘(台),8.8,649288,有时候幸福需要等一等。,史蒂文·斯皮尔伯格 Steven Spielberg,汤姆·汉克斯 Tom Hanks...,2004,美国,喜剧 剧情 爱情,https://movie.douban.com/subject/1292274/
146,请以你的名字呼唤我,Call Me by Your Name,以你的名字呼唤我(港 / 台),8.8,834814,沉醉在电影的情感和视听氛围中无法自拔。,卢卡·瓜达尼诺 Luca Guadagnino,艾米·汉莫 Armie Hammer / ...,2017,意大利 法国 巴西 美国,剧情 爱情 同性,https://movie.douban.com/subject/26799731/
147,釜山行,부산행,尸杀列车(港)  /  尸速列车(台),8.6,1364991,揭露人性的丧尸题材力作。,延尚昊 Sang-ho Yeon,孔刘 Yoo Gong / 郑有美 Yu-mi Jung / 马...,2016,韩国,动作 惊悚 灾难,https://movie.douban.com/subject/25986180/
148,神偷奶爸,Despicable Me,卑鄙的我  /  坏蛋奖门人(港),8.7,1057602,Mr. I Don't Care其实也有Care的时候。,皮艾尔·柯芬 Pierre Coffin / 克里斯·雷纳德 Chris Renaud,...,2010,美国 法国,喜剧 动画 冒险,https://movie.douban.com/subject/3287562/
149,小森林 冬春篇,リトル・フォレスト 冬・春,小森食光 / 冬春篇(台),9.0,424946,尊敬他人，尊敬你生活的这片土地，明白孤独是人生的常态。,森淳一 Junichi Mori,桥本爱 Ai Hashimoto / 三浦贵大 Takahir...,2015,日本,剧情,https://movie.douban.com/subject/25814707/
150,喜宴,囍宴,The Wedding Banquet,9.0,439041,,李安 Ang Lee,赵文瑄 Winston Chao / 归亚蕾 Ya-lei Kuei / 郎...,1993,中国台湾 美国,剧情 喜剧 爱情 同性 家庭,https://movie.douban.com/subject/1303037/
151,萤火之森,蛍火の杜へ,萤火之社  /  Hotarubi no mori e,8.8,619398,触不到的恋人。,大森贵弘 Takahiro Omori,佐仓绫音 Ayane Sakura / 内山昂辉 K...,2011,日本,剧情 爱情 动画 奇幻,https://movie.douban.com/subject/5989818/
152,告白,,自白  /  母亲,8.8,751433,没有一人完全善，也没有一人完全恶。,中岛哲也 Tetsuya Nakashima,松隆子 Takako Matsu / 冈田将生 ...,2010,日本,剧情 悬疑,https://movie.douban.com/subject/4268598/
153,七武士,七人の侍,七侠四义(港)  /  七剑客(港),9.3,239661,,黑泽明 Akira Kurosawa,三船敏郎 Toshirô Mifune / 志村乔 ...,1954,日本,动作 冒险 剧情,https://movie.douban.com/subject/1295399/
154,头号玩家,Ready Player One,玩家一号  /  挑战者1号(港),8.6,1532238,写给影迷，动漫迷和游戏迷的一封情书。,史蒂文·斯皮尔伯格 Steven Spielberg,泰伊·谢里丹 Tye Sheri...,2018,美国,动作 科幻 冒险,https://movie.douban.com/subject/4920389/
155,玛丽和麦克斯,Mary and Max,玛丽和马克思  /  巧克力情缘(台),9.0,475744,你是我最好的朋友，你是我唯一的朋友 。,亚当·艾略特 Adam Elliot,托妮·科莱特 Toni Collette / 菲利...,2009,澳大利亚 美国,剧情 喜剧 动画,https://movie.douban.com/subject/3072124/
156,机器人之梦,Robot Dreams,再见机器人(台)  /  汪汪梦里人(港),9.1,458005,,巴勃罗·贝格尔 Pablo Berger,伊万·拉班达 Ivan Labanda,2023,西班牙 法国,剧情 动画 音乐,https://movie.douban.com/subject/35426925/
157,模仿游戏,The Imitation Game,解码游戏(港)  /  模拟游戏,8.8,727156,他给机器起名“克里斯托弗”，因为这是他初恋的名字。,莫滕·泰杜姆 Morten Tyldum,本尼迪克特·康伯巴奇 Benedict C...,2014,英国 美国,剧情 传记 战争 同性,https://movie.douban.com/subject/10463953/
158,惊魂记,Psycho,精神病患者  /  触目惊心(港),9.0,362523,,阿尔弗雷德·希区柯克 Alfred Hitchcock,安东尼·博金斯 Antho...,1960,美国,悬疑 惊悚 恐怖,https://movie.douban.com/subject/1293181/
159,心灵奇旅,Soul,灵魂奇遇记(港)  /  灵魂急转弯(台),8.7,1157995,,彼特·道格特 Pete Docter / 凯普·鲍尔斯 Kemp Powers,杰米·...,2020,美国,动画 奇幻 音乐,https://movie.douban.com/subject/24733428/
160,大鱼,Big Fish,大鱼奇缘(港)  /  大智若鱼(台),8.8,632825,,蒂姆·波顿 Tim Burton,伊万·麦克格雷格 Ewan McGregor / 阿...,2003,美国,剧情 爱情 奇幻 冒险,https://movie.douban.com/subject/1291545/
161,背靠背，脸对脸,,"背对背，脸对脸  /  Back to Back, Face to Face",9.5,184390,,黄建新 Jianxin Huang / 杨亚洲 Yazhou Yang,牛振华 Zhenhua N...,1994,中国大陆 中国香港,剧情,https://movie.douban.com/subject/1307856/
162,你的名字。,君の名は。,你的名字  /  君之名,8.5,1610974,穿越错位的时空，仰望陨落的星辰，你没留下你的名字，我却无法忘记那句“我爱你”。,新海诚 Makoto Shinkai,神木隆之介 Ryûnosuke Kamiki / 上...,2016,日本,剧情 爱情 动画,https://movie.douban.com/subject/26683290/
163,血战钢锯岭,Hacksaw Ridge,钢锯岭  /  钢铁英雄(台),8.7,867491,优秀的战争片不会美化战场，不会粉饰死亡，不会矮化敌人，不会无视常识，最重要的，不会宣扬战争。,梅尔·吉布森 Mel Gibson,安德鲁·加菲尔德 Andrew Garfield /...,2016,澳大利亚 美国,剧情 传记 历史 战争,https://movie.douban.com/subject/26325320/
164,射雕英雄传之东成西就,射鵰英雄傳之東成西就,东成西就  /  大英雄 (日本),8.7,725146,,刘镇伟 Jeffrey Lau,梁朝伟 Tony Leung Chiu Wai / 林青霞 Bri...,1993,中国香港,喜剧 奇幻 武侠 古装,https://movie.douban.com/subject/1316510/
165,末路狂花,Thelma & Louise,塞尔玛与路易丝,9.0,358687,,雷德利·斯科特 Ridley Scott,吉娜·戴维斯 Geena Davis / 苏...,1991,美国 英国 法国,犯罪 剧情 惊悚,https://movie.douban.com/subject/1291992/
166,我是山姆,I Am Sam,不一样的爸爸(港)  /  他不笨，他是我爸爸(台),9.0,381322,,杰茜·尼尔森 Jessie Nelson,Sean Penn / Dakota Fanning / Mi...,2001,美国,剧情 家庭,https://movie.douban.com/subject/1306861/
167,阳光姐妹淘,써니,阳光姊妹淘(港)  /  桑尼,8.8,644351,再多各自牛逼的时光，也比不上一起傻逼的岁月。,姜炯哲 Hyeong-Cheol Kang,沈恩京 Eun-kyung Shim / 闵孝琳 Hy...,2011,韩国,剧情 喜剧,https://movie.douban.com/subject/4917726/
168,高山下的花环,,卫国军魂(港)  /  Wreaths at the Foot of the Mountain,9.5,165712,,谢晋 Jin Xie,吕晓禾 Xiaohe Lü / 唐国强 Guoqiang Tang / 何...,1984(中国大陆),1985,中国大陆,https://movie.douban.com/subject/1422283/
169,恐怖直播,더 테러 라이브,死亡“动”新闻(港)  /  恐怖攻击直播(台),8.7,735904,恐怖分子的“秋菊打官司”。,金秉祐 Byeong-woo Kim,河正宇 Jung-woo Ha / 李璟荣 Kyeong-y...,2013,韩国,剧情 犯罪 悬疑,https://movie.douban.com/subject/21360417/
170,黑客帝国3：矩阵革命,The Matrix Revolutions,22世纪杀人网络3：惊变世纪(港)  /  骇客任务完结篇：最后战役(台),8.8,502832,,拉娜·沃卓斯基 Lana Wachowski / 莉莉·沃卓斯基 Lilly Wachowski   ...,,2003,美国,动作 科幻,https://movie.douban.com/subject/1302467/
171,小丑,Joker,小丑起源电影：罗密欧  /  Romeo,8.7,1134351,,托德·菲利普斯 Todd Phillips,杰昆·菲尼克斯 Joaquin Phoeni...,2019,美国 加拿大,剧情 犯罪 惊悚,https://movie.douban.com/subject/27119724/
172,谍影重重3,The Bourne Ultimatum,叛谍追击3：最后通牒(港)  /  神鬼认证：最后通牒 (台),8.9,476992,像吃了苏打饼一样干脆的电影。,保罗·格林格拉斯 Paul Greengrass,马特·达蒙 Matt Damon / ...,2007,美国 德国 法国 英国,动作 悬疑 惊悚,https://movie.douban.com/subject/1578507/
173,三块广告牌,"Three Billboards Outside Ebbing, Missouri",广告牌杀人事件(港)  /  意外(台),8.7,929724,怼天怼地，你走后，她与世界为敌。,马丁·麦克唐纳 Martin McDonagh,弗兰西斯·麦克多蒙德 France...,2017,英国 美国,剧情 犯罪,https://movie.douban.com/subject/26611804/
174,无间道2,無間道II,无间道前传  /  Infernal Affairs II,8.8,576447,,刘伟强 Andrew Lau / 麦兆辉 Alan Mak,陈冠希 Edison Chen / ...,2003,中国香港,剧情 犯罪 惊悚,https://movie.douban.com/subject/1307106/
175,电锯惊魂,Saw,恐惧斗室(港)  /  夺魂锯(台),8.7,621713,真相就在眼前。,詹姆斯·温 James Wan,雷·沃纳尔 Leigh Whannell / 加利·艾...,2004,美国,悬疑 惊悚 恐怖,https://movie.douban.com/subject/1417598/
176,达拉斯买家俱乐部,Dallas Buyers Club,续命枭雄(港)  /  药命俱乐部(台),8.8,511843,Jared Leto的腿比女人还美！,让-马克·瓦雷 Jean-Marc Vallée,马修·麦康纳 Matthew McCon...,2013,美国,剧情 传记 同性,https://movie.douban.com/subject/1793929/
177,疯狂原始人,The Croods,古鲁家族(港 / 台),8.7,930150,老少皆宜，这就是好莱坞动画的魅力。,科克·德·米科 Kirk De Micco / 克里斯·桑德斯 Chris Sanders   主演...,,2013,美国,喜剧 动画 冒险,https://movie.douban.com/subject/1907966/
178,爱在午夜降临前,Before Midnight,情约半生(港)  /  爱在午夜希腊时(台),8.8,482438,所谓爱情，就是话唠一路，都不会心生腻烦，彼此嫌弃。,理查德·林克莱特 Richard Linklater,伊桑·霍克 Ethan Hawke ...,2013,美国 希腊,剧情 爱情,https://movie.douban.com/subject/10808442/
179,绿里奇迹,The Green Mile,绿色奇迹(台)  /  绿色英里,8.9,393898,,弗兰克·德拉邦特 Frank Darabont,汤姆·汉克斯 Tom Hanks / ...,1999,美国,犯罪 剧情 奇幻 悬疑,https://movie.douban.com/subject/1300374/
180,疯狂的石头,,Crazy Stone,8.6,936712,中国版《两杆大烟枪》。,宁浩 Hao Ning,郭涛 Tao Guo / 刘桦 Hua Liu / 连晋 Teddy Lin,2006,中国大陆 中国香港,喜剧 犯罪,https://movie.douban.com/subject/1862151/
181,雨中曲,Singin' in the Rain,万花嬉春(港 / 台),9.1,273478,,斯坦利·多南 Stanley Donen / 吉恩·凯利 Gene Kelly,吉恩·...,1952,美国,喜剧 歌舞 爱情,https://movie.douban.com/subject/1293460/
182,2001太空漫游,2001: A Space Odyssey,2001：星际漫游  /  2001：太空奥德赛,8.9,404038,,斯坦利·库布里克 Stanley Kubrick,凯尔·杜拉 Keir Dullea / ...,1968,英国 美国,科幻 惊悚 冒险,https://movie.douban.com/subject/1292226/
183,海街日记,海街diary,海街女孩日记(港)  /  Kamakura Diary,8.8,530025,是枝裕和的家庭习作。,是枝裕和 Hirokazu Koreeda,绫濑遥 Haruka Ayase / 长泽雅美 M...,2015,日本,剧情 家庭,https://movie.douban.com/subject/25895901/
184,上帝之城,Cidade de Deus,无主之城(港)  /  无法无天(台),9.0,337069,,费尔南多·梅里尔斯 Fernando Meirelles / 卡迪亚·兰德 Kátia Lund  &nbsp...,,2002,巴西 法国,犯罪 剧情,https://movie.douban.com/subject/1292208/
185,心迷宫,,殡棺  /  The Coffin in the Mountain,8.7,626907,荒诞讽刺，千奇百巧，抽丝剥茧，百转千回。,忻钰坤 Yukun Xin,霍卫民 Weimin Huo / 王笑天 Xiaotian Wang ...,2014,中国大陆,剧情 犯罪 悬疑,https://movie.douban.com/subject/25917973/
186,风之谷,風の谷のナウシカ,风谷少女  /  Kaze no tani no Naushika,8.9,397478,,宫崎骏 Hayao Miyazaki,岛本须美 Sumi Shimamoto / 松田洋治 Y...,1984,日本,动画 奇幻 冒险,https://movie.douban.com/subject/1291585/
187,记忆碎片,Memento,凶心人(港)  /  记忆拼图(台),8.7,714924,,克里斯托弗·诺兰 Christopher Nolan,盖·皮尔斯 Guy Pearce /...,2000,美国,犯罪 剧情 悬疑 惊悚,https://movie.douban.com/subject/1304447/
188,英雄本色,,A Better Tomorrow  /  Gangland Boss,8.6,613172,,吴宇森 John Woo,周润发 Yun-Fat Chow / 狄龙 Lung Ti / 张国...,1986,中国香港,剧情 动作 犯罪,https://movie.douban.com/subject/1297574/
189,纵横四海,縱橫四海,Once a Thief,8.8,494154,,吴宇森 John Woo,周润发 Yun-Fat Chow / 张国荣 Leslie Cheung...,1991,中国香港,剧情 喜剧 动作 犯罪,https://movie.douban.com/subject/1295409/
190,恐怖游轮,Triangle,汪洋血迷宮(台)  /  轮回三角,8.5,1036650,不要企图在重复中寻找已经失去的爱。,克里斯托弗·史密斯 Christopher Smith,梅利莎·乔治 Melissa ...,2009,英国 澳大利亚,科幻 悬疑 奇幻 惊悚,https://movie.douban.com/subject/3011051/
191,无敌破坏王,Wreck-It Ralph,破坏王拉尔夫  /  破坏王大冒险,8.7,619081,迪士尼和皮克斯拿错剧本的产物。,瑞奇·莫尔 Rich Moore,约翰·C·赖利 John C. Reilly / 萨拉...,2012,美国,喜剧 动画 奇幻 冒险,https://movie.douban.com/subject/6534248/
192,芙蓉镇,,Hibiscus Town,9.3,195772,,谢晋 Jin Xie,刘晓庆 Xiaoqing Liu / 姜文 Wen Jiang / 郑在石...,1987,中国大陆,剧情 爱情,https://movie.douban.com/subject/1297880/
193,卢旺达饭店,Hotel Rwanda,卢安达饭店(台),8.9,371308,当这个世界闭上双眼，他却敞开了怀抱。,特瑞·乔治 Terry George,唐·钱德尔 Don Cheadle / 苏菲·奥...,2004,英国 南非 意大利 美国,剧情 传记 历史 战争,https://movie.douban.com/subject/1291822/
194,牯岭街少年杀人事件,牯嶺街少年殺人事件,A Brighter Summer Day,8.9,377257,,杨德昌 Edward Yang,张震 Chen Chang / 杨静怡 Lisa Yang / 张...,1991,中国台湾,剧情 犯罪,https://movie.douban.com/subject/1292329/
195,魔女宅急便,魔女の宅急便,魔女琪琪(台)  /  小魔女限时专送,8.7,531656,,宫崎骏 Hayao Miyazaki,高山南 Minami Takayama / 佐久间玲 Re...,1989,日本,动画 奇幻 冒险,https://movie.douban.com/subject/1307811/
196,东京教父,東京ゴッドファーザーズ,Tokyo Godfathers,9.0,296784,,今敏 Satoshi Kon,江守彻 Toru Emori / 梅垣义明 Yoshiaki Ume...,2003,日本,剧情 喜剧 动画,https://movie.douban.com/subject/1310177/
197,小偷家族,万引き家族,Shoplifters  /  Une Affaire de Famille,8.7,903463,我们组成了家。,是枝裕和 Hirokazu Koreeda,中川雅也 Lily Franky / 安藤樱 Sa...,2018,日本,剧情 犯罪 家庭,https://movie.douban.com/subject/27622447/
198,冰川时代,Ice Age,冰河世纪  /  冰原历险记,8.7,692747,,卡洛斯·沙尔丹哈 Carlos Saldanha / 克里斯·韦奇 Chris Wedge   主演...,,2002,美国,喜剧 动画 冒险,https://movie.douban.com/subject/1291578/
199,忠犬八公物语,ハチ公物語,八千公物语  /  阿八的故事,9.2,221455,,神山征二郎 Seijirô Kôyama,仲代达矢 Tatsuya Nakadai /...,1987,日本,剧情,https://movie.douban.com/subject/1959195/
200,岁月神偷,歲月神偷,1969太空漫游  /  Echoes Of The Rainbow,8.7,616655,岁月流逝，来日可追。,罗启锐 Alex Law,吴君如 Sandra Ng / 任达华 Simon Yam / 钟绍...,2010,中国香港 中国大陆,剧情 家庭,https://movie.douban.com/subject/3792799/
201,遗愿清单,The Bucket List,玩转身前事(港)  /  一路玩到挂(台),8.7,548165,用剩余不多的时间，去燃烧整个生命。,罗伯·莱纳 Rob Reiner,杰克·尼科尔森 Jack Nicholson / 摩根...,2007,美国,冒险 喜剧 剧情,https://movie.douban.com/subject/1867345/
202,大佛普拉斯,,The Great Buddha+,8.7,563370,人们可以登上月球，却永远无法探索人们内心的宇宙。,黄信尧 Hsin-yao Huang,庄益增 Yizeng Zhuang / 陈竹昇 Chu-sh...,2017,中国台湾,剧情 喜剧,https://movie.douban.com/subject/27059130/
203,白日梦想家,The Secret Life of Walter Mitty,发梦王大历险(港)  /  白日梦冒险王(台),8.6,664703,,本·斯蒂勒 Ben Stiller,本·斯蒂勒 Ben Stiller / 克里斯汀·...,2013,美国 英国,剧情 喜剧 冒险,https://movie.douban.com/subject/2133323/
204,荒蛮故事,Relatos salvajes,蛮荒故事  /  生命中最抓狂的小事(台),8.7,524990,始于荒诞，止于更荒诞。,达米安·斯兹弗隆 Damián Szifron,达里奥·葛兰帝内提 Darío...,2014,阿根廷 西班牙,剧情 喜剧 犯罪,https://movie.douban.com/subject/24750126/
205,源代码,Source Code,启动原始码(台)  /  危机解密(港),8.6,937502,邓肯·琼斯继《月球》之后再度奉献出一部精彩绝伦的科幻佳作。,邓肯·琼斯 Duncan Jones,杰克·吉伦哈尔 Jake Gyllenhaal / ...,2011,美国 加拿大,科幻 悬疑 惊悚,https://movie.douban.com/subject/3075287/
206,花束般的恋爱,花束みたいな恋をした,她和他的恋爱花期(港)  /  爱如花束 恋恋不忘,8.6,846352,,土井裕泰 Nobuhiro Doi,菅田将晖 Masaki Suda / 有村架纯 Kasu...,2021,日本,剧情 爱情,https://movie.douban.com/subject/34874432/
207,爱乐之城,La La Land,星声梦里人(港)  /  乐来越爱你(台),8.4,1140156,,达米恩·查泽雷 Damien Chazelle,瑞恩·高斯林 Ryan Gosling /...,2016,美国,剧情 爱情 歌舞,https://movie.douban.com/subject/25934014/
208,疯狂的麦克斯4：狂暴之路,Mad Max: Fury Road,末日先锋：战甲飞车(港)  /  疯狂麦斯：愤怒道(台),8.7,626042,“多么美好的一天！”轰轰轰砰咚，啪哒哒哒轰隆隆，磅~,乔治·米勒 George Miller,汤姆·哈迪 Tom Hardy / 查理兹·塞...,2015,澳大利亚 美国,动作 科幻 冒险,https://movie.douban.com/subject/3592854/
209,可可西里,,Kekexili: Mountain Patrol,8.9,350933,坚硬的信仰。,陆川 Chuan Lu,多布杰 Duobujie / 张磊 Lei Zhang / 亓亮 Qi L...,2004,中国大陆 中国香港,剧情 犯罪,https://movie.douban.com/subject/1308857/
210,你看起来好像很好吃,おまえうまそうだな,你看起来很好吃(台)  /  你看上去好像很好吃,8.9,380628,感情不分食草或者食肉。,藤森雅也 Masaya Fujimori,山口胜平 Kappei Yamaguchi / 爱河...,2010,日本,剧情 动画 儿童,https://movie.douban.com/subject/4848115/
211,波西米亚狂想曲,Bohemian Rhapsody,波希米亚狂想曲：摇滚传说(港)  /  波希米亚狂想曲(台),8.6,699485,,布莱恩·辛格 Bryan Singer,拉米·马雷克 Rami Malek / 本·哈...,2018,英国 美国,剧情 传记 同性 音乐,https://movie.douban.com/subject/5300054/
212,贫民窟的百万富翁,Slumdog Millionaire,一百万零一夜(港)  /  贫民百万富翁(台),8.6,812873,上帝之城+猜火车+阿甘正传+开心辞典=山寨富翁,丹尼·鲍尔 Danny Boyle / 洛芙琳·坦丹 Loveleen Tandan,戴夫...,2008,英国,剧情 爱情,https://movie.douban.com/subject/2209573/
213,城市之光,City Lights,City Lights: A Comedy Romance in Pantomime  /  Lichter der Großstadt,9.3,175987,,查理·卓别林 Charles Chaplin,查理·卓别林 Charles Chaplin ...,1931,美国,喜剧 剧情 爱情,https://movie.douban.com/subject/1293908/
214,大红灯笼高高挂,,Raise The Red Lantern  /  Épouses et concubines,8.8,382488,,张艺谋 Yimou Zhang,巩俐 Li Gong / 马精武 Jingwu Ma / 何赛...,1991,中国大陆 中国香港 中国台湾,剧情,https://movie.douban.com/subject/1293323/
215,爆裂鼓手,Whiplash,鼓动真我(港)  /  进击的鼓手(台),8.6,700855,这个世界从不善待努力的人，努力了也不一定会成功，但是知道自己在努力，就是活下去的动力。,达米恩·查泽雷 Damien Chazelle,迈尔斯·特勒 Miles Teller /...,2014,美国,剧情 音乐,https://movie.douban.com/subject/25773932/
216,哈利·波特与死亡圣器(上),Harry Potter and the Deathly Hallows: Part 1,哈利波特7：死神的圣物1(港 / 台),8.6,706858,最忠于原著的一部。,大卫·叶茨 David Yates,丹尼尔·雷德克里夫 Daniel Radcliffe...,2010,英国 美国,奇幻 冒险,https://movie.douban.com/subject/2051007/
217,无耻混蛋,Inglourious Basterds,希魔撞正杀人狂(港)  /  恶棍特工(台),8.7,571918,昆汀同学越来越变态了，比北野武还杜琪峰。,昆汀·塔伦蒂诺 Quentin Tarantino,布拉德·皮特 Brad Pitt / ...,2009,德国 美国,剧情 犯罪,https://movie.douban.com/subject/1438652/
218,终结者2：审判日,Terminator 2: Judgment Day,未来战士2(港)  /  魔鬼终结者2(台),8.8,391982,,詹姆斯·卡梅隆 James Cameron,阿诺·施瓦辛格 Arnold Schwarz...,1991,美国 法国,动作 科幻,https://movie.douban.com/subject/1291844/
219,青蛇,,Green Snake,8.6,607624,,徐克 Hark Tsui,张曼玉 Maggie Cheung / 王祖贤 Joey Wang / ...,1993,中国香港 中国大陆,剧情 爱情 奇幻 古装,https://movie.douban.com/subject/1303394/
220,东邪西毒,東邪西毒,Ashes of Time,8.6,641390,,王家卫 Kar Wai Wong,张国荣 Leslie Cheung / 林青霞 Brigitte...,1994,中国香港 中国台湾,剧情 动作 爱情 武侠 古装,https://movie.douban.com/subject/1292328/
221,黑天鹅,Black Swan,夺命黑天鹅  /  霸王别鹅(豆友译名),8.6,854633,黑暗之美。,达伦·阿罗诺夫斯基 Darren Aronofsky,娜塔莉·波特曼 Natalie...,2010,美国,剧情 惊悚,https://movie.douban.com/subject/1978709/
222,新龙门客栈,新龍門客棧,New Dragon Gate Inn,8.7,517342,,李惠民 Raymond Lee,张曼玉 Maggie Cheung / 林青霞 Brigitte ...,1992,中国香港 中国大陆,动作 爱情 武侠 古装,https://movie.douban.com/subject/1292287/
223,初恋这件小事,สิ่งเล็กเล็กที่เรียกว่า...รัก,初恋那件小事(港)  /  暗恋那点小事,8.5,1059646,黑小鸭速效美白记。,普特鹏·普罗萨卡·那·萨克那卡林 Puttipong Promsaka Na Sakolnakorn / 华森·波克彭...,,2010,泰国,剧情 喜剧 爱情,https://movie.douban.com/subject/4739952/
224,千钧一发,Gattaca,变种异煞(港)  /  自然人,8.8,357806,,安德鲁·尼科尔 Andrew Niccol,伊桑·霍克 Ethan Hawke / 乌玛...,1997,美国,剧情 科幻 惊悚,https://movie.douban.com/subject/1300117/
225,人工智能,A.I. Artificial Intelligence,AI人工智慧,8.7,510685,,史蒂文·斯皮尔伯格 Steven Spielberg,海利·乔·奥斯蒙 Haley...,2001,美国,剧情 科幻,https://movie.douban.com/subject/1302827/
226,崖上的波妞,崖の上のポニョ,悬崖上的金鱼姬  /  悬崖上的金鱼公主,8.6,583428,,宫崎骏 Hayao Miyazaki,奈良柚莉爱 Yuria Nara / 土井洋辉 Hir...,2008,日本,动画 奇幻 冒险,https://movie.douban.com/subject/1959877/
227,虎口脱险,La grande vadrouille,横冲直撞出重围(港)  /  大進擊(台),8.9,300625,,杰拉尔·乌里 Gérard Oury,路易·德·菲耐斯 Louis de Funès...,1966,法国 英国,喜剧 战争,https://movie.douban.com/subject/1296909/
228,雨人,Rain Man,手足情未了(港)  /  手足情深,8.7,447354,,巴瑞·莱文森 Barry Levinson,达斯汀·霍夫曼 Dustin Hoffman ...,1988,美国,剧情,https://movie.douban.com/subject/1291870/
229,彗星来的那一夜,Coherence,相干性  /  相干效应,8.6,698238,小成本大魅力。,詹姆斯·沃德·布柯特 James Ward Byrkit,艾米丽·芭尔多尼 Em...,2013,美国 英国,科幻 悬疑 惊悚,https://movie.douban.com/subject/25807345/
230,哈利·波特与凤凰社,Harry Potter and the Order of the Phoenix,哈利波特5：凤凰会的密令(港 / 台),8.6,707035,,大卫·叶茨 David Yates,丹尼尔·雷德克里夫 Daniel Radcliffe...,2007,英国 美国,奇幻 冒险,https://movie.douban.com/subject/1457217/
231,罗生门,羅生門,Rashomon,8.8,363221,,黑泽明 Akira Kurosawa,三船敏郎 Toshirô Mifune / 京町子 ...,1950,日本,剧情 犯罪 悬疑,https://movie.douban.com/subject/1291879/
232,海边的曼彻斯特,Manchester by the Sea,情系海边之城(港),8.6,664557,我们都有权利不与自己的过去和解。,肯尼斯·罗纳根 Kenneth Lonergan,卡西·阿弗莱克 Casey Affle...,2016,美国,剧情 家庭,https://movie.douban.com/subject/25980443/
233,火星救援,The Martian,火星任务(港)  /  绝地救援(台),8.5,850959,,雷德利·斯科特 Ridley Scott,马特·达蒙 Matt Damon / 杰西卡...,2015,英国 美国 匈牙利 约旦,剧情 科幻 冒险,https://movie.douban.com/subject/25864085/
234,恋恋笔记本,The Notebook,忘了·忘不了(港)  /  手札情缘(台),8.5,758515,爱情没有那么多借口，如果不能圆满，只能说明爱的不够。,尼克·卡索维茨 Nick Cassavetes,瑞恩·高斯林 Ryan Gosling /...,2004,美国,剧情 爱情,https://movie.douban.com/subject/1309163/
235,真爱至上,Love Actually,真的恋爱了(港)  /  爱是您，爱是我(台),8.5,814482,,理查德·柯蒂斯 Richard Curtis,休·格兰特 Hugh Grant / 连姆...,2003,英国 美国 法国,喜剧 剧情 爱情,https://movie.douban.com/subject/1292401/
236,黑客帝国2：重装上阵,The Matrix Reloaded,22世纪杀人网络2：决战未来(港)  /  骇客任务：重装上阵(台),8.7,461679,,拉娜·沃卓斯基 Lana Wachowski / 莉莉·沃卓斯基 Lilly Wachowski   ...,,2003,美国,动作 科幻,https://movie.douban.com/subject/1304141/
237,冰雪奇缘,Frozen,魔雪奇缘(港)  /  冰雪大冒险,8.5,847026,,克里斯·巴克 Chris Buck / 珍妮弗·李 Jennifer Lee,克里斯汀...,2013,美国,喜剧 动画 奇幻 歌舞,https://movie.douban.com/subject/4202982/
238,步履不停,歩いても 歩いても,横山家之味(港 / 台),8.8,333855,日本的家庭电影已经是世界巅峰了，步履不停是巅峰中的佳作。,是枝裕和 Hirokazu Koreeda,阿部宽 Hiroshi Abe / 夏川结衣 Yu...,2008,日本,剧情 家庭,https://movie.douban.com/subject/2222996/
239,千年女优,千年女優,Millennium Actress,8.8,322953,,今敏 Satoshi Kon,庄司美代子 Miyoko Shôji / 小山茉美 Mam...,2001,日本,动画 剧情 爱情,https://movie.douban.com/subject/1307394/
240,奇迹男孩,Wonder,奇迹,8.6,606079,世界不完美，爱会有奇迹。,斯蒂芬·卓博斯基 Stephen Chbosky,雅各布·特伦布莱 Jacob Tr...,2017,美国 中国香港,剧情 儿童 家庭,https://movie.douban.com/subject/26787574/
241,蜘蛛侠：平行宇宙,Spider-Man: Into the Spider-Verse,蜘蛛侠：新纪元  /  蜘蛛人：新宇宙(台),8.6,766960,,鲍勃·佩尔西凯蒂 Bob Persichetti / 彼得·拉姆齐 Peter Ramsey   主...,,2018,美国,动作 科幻 动画 冒险,https://movie.douban.com/subject/26374197/
242,谍影重重2,The Bourne Supremacy,叛谍追击2：机密圈套(港)  /  神鬼认证：神鬼疑云(台),8.7,405681,谁说王家卫镜头很晃？,保罗·格林格拉斯 Paul Greengrass,马特·达蒙 Matt Damon / ...,2004,美国 德国,动作 悬疑 惊悚,https://movie.douban.com/subject/1308767/
243,战争之王,Lord of War,军火之王(台 / 港),8.7,420637,做一颗让别人需要你的棋子。,安德鲁·尼科尔 Andrew Niccol,尼古拉斯·凯奇 Nicolas Cage /...,2005,美国 德国,剧情 犯罪,https://movie.douban.com/subject/1419936/
244,攻壳机动队,攻殻機動隊,Ghost in the Shell,9.0,223538,,押井守 Mamoru Oshii,田中敦子 Atsuko Tanaka / 大冢明夫 Akio...,1995,日本,动作 科幻 动画,https://movie.douban.com/subject/1291936/
245,血钻,Blood Diamond,血钻石(台)  /  血腥钻石,8.7,426688,每个美丽事物背后都是滴血的现实。,爱德华·兹威克 Edward Zwick,莱昂纳多·迪卡普里奥 Leonardo ...,2006,美国 德国 英国,剧情 惊悚 冒险,https://movie.douban.com/subject/1428175/
246,小姐,아가씨,下女诱罪(港)  /  下女的诱惑(台),8.5,589112,,朴赞郁 Chan-wook Park,金敏喜 Min-hee Kim / 金泰梨 Tae-ri K...,2016,韩国,剧情 悬疑 情色 同性,https://movie.douban.com/subject/25977027/
247,血观音,血觀音,"修罗花  /  The Bold, the Corrupt, and the Beautiful",8.6,578088,,杨雅喆 Ya-che Yang,惠英红 Kara Wai Ying Hung / 吴可熙 Wu K...,2017,中国台湾,剧情 悬疑,https://movie.douban.com/subject/27113517/
248,隐藏人物,Hidden Figures,NASA无名英雌(港)  /  关键少数(台),8.9,278586,,特奥多尔·梅尔菲 Theodore Melfi,塔拉吉·P·汉森 Taraji P. ...,2016,美国,剧情 传记 历史,https://movie.douban.com/subject/26615208/
249,魂断蓝桥,Waterloo Bridge,滑铁卢桥  /  断桥残梦,8.8,314262,,茂文·勒鲁瓦 Mervyn LeRoy,费雯·丽 Vivien Leigh / 罗伯特·...,1940,美国,剧情 爱情 战争,https://movie.douban.com/subject/1293964/
250,房间,Room,不存在的房间(台)  /  抖室(港),8.7,403533,被偷走的岁月，被伤害的生命，被禁锢的灵魂，终将被希望和善意救赎。,伦尼·阿伯拉罕森 Lenny Abrahamson,布丽·拉尔森 Brie Larson...,2015,爱尔兰 加拿大 英国 美国,剧情 家庭,https://movie.douban.com/subject/25724855/
